Well,Index
A01,TAAGGCGA-TAGATCGC
A02,CGTACTAG-TAGATCGC
A03,AGGCAGAA-TAGATCGC
A04,TCCTGAGC-TAGATCGC
A05,GGACTCCT-TAGATCGC
A06,TAGGCATG-TAGATCGC
A07,CTCTCTAC-TAGATCGC
A08,CAGAGAGG-TAGATCGC
A09,GCTACGCT-TAGATCGC
A10,CGAGGCTG-TAGATCGC
A11,AAGAGGCA-TAGATCGC
A12,GTAGAGGA-TAGATCGC
B01,TAAGGCGA-CTCTCTAT
B02,CGTACTAG-CTCTCTAT
B03,AGGCAGAA-CTCTCTAT
B04,TCCTGAGC-CTCTCTAT
B05,GGACTCCT-CTCTCTAT
B06,TAGGCATG-CTCTCTAT
B07,CTCTCTAC-CTCTCTAT
B08,CAGAGAGG-CTCTCTAT
B09,GCTACGCT-CTCTCTAT
B10,CGAGGCTG-CTCTCTAT
B11,AAGAGGCA-CTCTCTAT
B12,GTAGAGGA-CTCTCTAT
C01,TAAGGCGA-TATCCTCT
C02,CGTACTAG-TATCCTCT
C03,AGGCAGAA-TATCCTCT
C04,TCCTGAGC-TATCCTCT
C05,GGACTCCT-TATCCTCT
C06,TAGGCATG-TATCCTCT
C07,CTCTCTAC-TATCCTCT
C08,CAGAGAGG-TATCCTCT
C09,GCTACGCT-TATCCTCT
C10,CGAGGCTG-TATCCTCT
C11,AAGAGGCA-TATCCTCT
C12,GTAGAGGA-TATCCTCT
D01,TAAGGCGA-AGAGTAGA
D02,CGTACTAG-AGAGTAGA
D03,AGGCAGAA-AGAGTAGA
D04,TCCTGAGC-AGAGTAGA
D05,GGACTCCT-AGAGTAGA
D06,TAGGCATG-AGAGTAGA
D07,CTCTCTAC-AGAGTAGA
D08,CAGAGAGG-AGAGTAGA
D09,GCTACGCT-AGAGTAGA
D10,CGAGGCTG-AGAGTAGA
D11,AAGAGGCA-AGAGTAGA
D12,GTAGAGGA-AGAGTAGA
E01,TAAGGCGA-GTAAGGAG
E02,CGTACTAG-GTAAGGAG
E03,AGGCAGAA-GTAAGGAG
E04,TCCTGAGC-GTAAGGAG
E05,GGACTCCT-GTAAGGAG
E06,TAGGCATG-GTAAGGAG
E07,CTCTCTAC-GTAAGGAG
E08,CAGAGAGG-GTAAGGAG
E09,GCTACGCT-GTAAGGAG
E10,CGAGGCTG-GTAAGGAG
E11,AAGAGGCA-GTAAGGAG
E12,GTAGAGGA-GTAAGGAG
F01,TAAGGCGA-ACTGCATA
F02,CGTACTAG-ACTGCATA
F03,AGGCAGAA-ACTGCATA
F04,TCCTGAGC-ACTGCATA
F05,GGACTCCT-ACTGCATA
F06,TAGGCATG-ACTGCATA
F07,CTCTCTAC-ACTGCATA
F08,CAGAGAGG-ACTGCATA
F09,GCTACGCT-ACTGCATA
F10,CGAGGCTG-ACTGCATA
F11,AAGAGGCA-ACTGCATA
F12,GTAGAGGA-ACTGCATA
G01,TAAGGCGA-AAGGAGTA
G02,CGTACTAG-AAGGAGTA
G03,AGGCAGAA-AAGGAGTA
G04,TCCTGAGC-AAGGAGTA
G05,GGACTCCT-AAGGAGTA
G06,TAGGCATG-AAGGAGTA
G07,CTCTCTAC-AAGGAGTA
G08,CAGAGAGG-AAGGAGTA
G09,GCTACGCT-AAGGAGTA
G10,CGAGGCTG-AAGGAGTA
G11,AAGAGGCA-AAGGAGTA
G12,GTAGAGGA-AAGGAGTA
H01,TAAGGCGA-CTAAGCCT
H02,CGTACTAG-CTAAGCCT
H03,AGGCAGAA-CTAAGCCT
H04,TCCTGAGC-CTAAGCCT
H05,GGACTCCT-CTAAGCCT
H06,TAGGCATG-CTAAGCCT
H07,CTCTCTAC-CTAAGCCT
H08,CAGAGAGG-CTAAGCCT
H09,GCTACGCT-CTAAGCCT
H10,CGAGGCTG-CTAAGCCT
H11,AAGAGGCA-CTAAGCCT
H12,GTAGAGGA-CTAAGCCT
